Sensor_12_Voltage	1522986490
Sensor_29_Voltage	1522986490
Sensor_51_Voltage	1522986490
Sensor_53_Voltage	1522986490
Sensor_57_Voltage	1522986490
Sensor_8_Voltage	1522986490
Sensor_13_Voltage	1522986500
Sensor_16_Voltage	1522986500
Sensor_17_Voltage	1522986500
Sensor_18_Voltage	1522986500
Sensor_19_Voltage	1522986500
Sensor_1_Voltage	1522986500
Sensor_20_Voltage	1522986500
Sensor_22_Voltage	1522986500
Sensor_24_Voltage	1522986500
Sensor_25_Voltage	1522986500
Sensor_2_Voltage	1522986500
Sensor_30_Voltage	1522986500
Sensor_31_Voltage	1522986500
Sensor_38_Voltage	1522986500
Sensor_39_Voltage	1522986500
Sensor_40_Voltage	1522986500
Sensor_42_Voltage	1522986500
Sensor_46_Voltage	1522986500
Sensor_52_Voltage	1522986500
Sensor_56_Voltage	1522986500
Sensor_58_Voltage	1522986500
Sensor_5_Voltage	1522986500
Sensor_11_Voltage	1522986510
Sensor_14_Voltage	1522986510
Sensor_15_Voltage	1522986510
Sensor_21_Voltage	1522986510
Sensor_27_Voltage	1522986510
Sensor_28_Voltage	1522986510
Sensor_32_Voltage	1522986510
Sensor_33_Voltage	1522986510
Sensor_34_Voltage	1522986510
Sensor_35_Voltage	1522986510
Sensor_36_Voltage	1522986510
Sensor_37_Voltage	1522986510
Sensor_3_Voltage	1522986510
Sensor_43_Voltage	1522986510
Sensor_44_Voltage	1522986510
Sensor_45_Voltage	1522986510
Sensor_48_Voltage	1522986510
Sensor_4_Voltage	1522986510
Sensor_50_Voltage	1522986510
Sensor_54_Voltage	1522986510
Sensor_55_Voltage	1522986510
Sensor_6_Voltage	1522986510
Sensor_7_Voltage	1522986510
Sensor_9_Voltage	1522986510
Sensor_10_Voltage	1522986800
Sensor_4_Temperature	1522986950
Sensor_42_Temperature	1522987020
Sensor_54_Temperature	1522987030
Sensor_19_Temperature	1522987050
Sensor_54_Humidity	1522987050
Sensor_6_Humidity	1522987070
Sensor_44_Temperature	1522987080
Sensor_47_Voltage	1522987080
Sensor_8_Temperature	1522987080
Sensor_37_Temperature	1522987090
Sensor_41_Voltage	1522987090
Sensor_15_Temperature	1522987100
Sensor_1_Humidity	1522987100
Sensor_23_Voltage	1522987100
Sensor_33_AirPressure	1522987100
Sensor_26_Voltage	1522987110
Sensor_16_Temperature	1522987120
Sensor_40_Temperature	1522987120
Sensor_48_Temperature	1522987120
Sensor_9_Humidity	1522987120
Sensor_25_Temperature	1522987130
Sensor_5_Temperature	1522987130
Sensor_6_Temperature	1522987130
Sensor_48_Humidity	1522987140
Sensor_11_Temperature	1522987150
Sensor_12_Temperature	1522987150
Sensor_14_Humidity	1522987150
Sensor_17_Humidity	1522987150
Sensor_25_Humidity	1522987150
Sensor_31_AirPressure	1522987150
Sensor_31_Temperature	1522987150
Sensor_34_Humidity	1522987150
Sensor_36_Humidity	1522987150
Sensor_36_Temperature	1522987150
Sensor_39_Temperature	1522987150
Sensor_40_AirPressure	1522987150
Sensor_45_Temperature	1522987150
Sensor_7_Temperature	1522987150
Sensor_15_Humidity	1522987160
Sensor_1_Temperature	1522987160
Sensor_21_Temperature	1522987160
Sensor_22_Humidity	1522987160
Sensor_33_Humidity	1522987160
Sensor_33_Temperature	1522987160
Sensor_43_Humidity	1522987160
Sensor_43_Temperature	1522987160
Sensor_44_Humidity	1522987160
Sensor_47_AirPressure	1522987160
Sensor_50_Temperature	1522987160
Sensor_52_Humidity	1522987160
Sensor_9_Temperature	1522987160
Sensor_12_Humidity	1522987170
Sensor_13_Temperature	1522987170
Sensor_18_Temperature	1522987170
Sensor_26_AirPressure	1522987170
Sensor_28_Temperature	1522987170
Sensor_29_Humidity	1522987170
Sensor_29_Temperature	1522987170
Sensor_31_Humidity	1522987170
Sensor_32_Humidity	1522987170
Sensor_32_Temperature	1522987170
Sensor_34_Temperature	1522987170
Sensor_37_AirPressure	1522987170
Sensor_37_Humidity	1522987170
Sensor_38_Humidity	1522987170
Sensor_38_Temperature	1522987170
Sensor_39_AirPressure	1522987170
Sensor_53_Temperature	1522987170
Sensor_56_Temperature	1522987170
Sensor_5_Humidity	1522987170
Sensor_15_AirPressure	1522987180
Sensor_1_AirPressure	1522987180
Sensor_21_AirPressure	1522987180
Sensor_21_Humidity	1522987180
Sensor_22_Temperature	1522987180
Sensor_23_AirPressure	1522987180
Sensor_3_AirPressure	1522987180
Sensor_3_Humidity	1522987180
Sensor_3_Temperature	1522987180
Sensor_42_Humidity	1522987180
Sensor_43_AirPressure	1522987180
Sensor_44_AirPressure	1522987180
Sensor_47_Humidity	1522987180
Sensor_47_Temperature	1522987180
Sensor_48_AirPressure	1522987180
Sensor_49_AirPressure	1522987180
Sensor_49_Humidity	1522987180
Sensor_49_Temperature	1522987180
Sensor_49_Voltage	1522987180
Sensor_50_AirPressure	1522987180
Sensor_50_Humidity	1522987180
Sensor_8_AirPressure	1522987180
Sensor_8_Humidity	1522987180
Sensor_9_AirPressure	1522987180
Sensor_11_AirPressure	1522987190
Sensor_11_Humidity	1522987190
Sensor_12_AirPressure	1522987190
Sensor_13_AirPressure	1522987190
Sensor_13_Humidity	1522987190
Sensor_14_AirPressure	1522987190
Sensor_14_Temperature	1522987190
Sensor_17_AirPressure	1522987190
Sensor_17_Temperature	1522987190
Sensor_18_AirPressure	1522987190
Sensor_18_Humidity	1522987190
Sensor_19_AirPressure	1522987190
Sensor_19_Humidity	1522987190
Sensor_25_AirPressure	1522987190
Sensor_26_Humidity	1522987190
Sensor_26_Temperature	1522987190
Sensor_27_AirPressure	1522987190
Sensor_27_Humidity	1522987190
Sensor_27_Temperature	1522987190
Sensor_28_AirPressure	1522987190
Sensor_28_Humidity	1522987190
Sensor_29_AirPressure	1522987190
Sensor_2_AirPressure	1522987190
Sensor_2_Humidity	1522987190
Sensor_2_Temperature	1522987190
Sensor_30_AirPressure	1522987190
Sensor_30_Humidity	1522987190
Sensor_30_Temperature	1522987190
Sensor_32_AirPressure	1522987190
Sensor_34_AirPressure	1522987190
Sensor_35_AirPressure	1522987190
Sensor_35_Humidity	1522987190
Sensor_35_Temperature	1522987190
Sensor_36_AirPressure	1522987190
Sensor_38_AirPressure	1522987190
Sensor_39_Humidity	1522987190
Sensor_40_Humidity	1522987190
Sensor_41_AirPressure	1522987190
Sensor_41_Humidity	1522987190
Sensor_41_Temperature	1522987190
Sensor_45_AirPressure	1522987190
Sensor_45_Humidity	1522987190
Sensor_4_AirPressure	1522987190
Sensor_4_Humidity	1522987190
Sensor_51_AirPressure	1522987190
Sensor_51_Humidity	1522987190
Sensor_51_Temperature	1522987190
Sensor_53_AirPressure	1522987190
Sensor_53_Humidity	1522987190
Sensor_54_AirPressure	1522987190
Sensor_55_AirPressure	1522987190
Sensor_55_Humidity	1522987190
Sensor_55_Temperature	1522987190
Sensor_56_AirPressure	1522987190
Sensor_56_Humidity	1522987190
Sensor_57_AirPressure	1522987190
Sensor_57_Humidity	1522987190
Sensor_57_Temperature	1522987190
Sensor_5_AirPressure	1522987190
Sensor_6_AirPressure	1522987190
Sensor_7_AirPressure	1522987190
Sensor_7_Humidity	1522987190
Sensor_10_AirPressure	1522987200
Sensor_10_Humidity	1522987200
Sensor_10_Temperature	1522987200
Sensor_16_AirPressure	1522987200
Sensor_16_Humidity	1522987200
Sensor_20_AirPressure	1522987200
Sensor_20_Humidity	1522987200
Sensor_20_Temperature	1522987200
Sensor_22_AirPressure	1522987200
Sensor_23_Humidity	1522987200
Sensor_23_Temperature	1522987200
Sensor_24_AirPressure	1522987200
Sensor_24_Humidity	1522987200
Sensor_24_Temperature	1522987200
Sensor_42_AirPressure	1522987200
Sensor_46_AirPressure	1522987200
Sensor_46_Humidity	1522987200
Sensor_46_Temperature	1522987200
Sensor_52_AirPressure	1522987200
Sensor_52_Temperature	1522987200
Sensor_58_AirPressure	1522987200
Sensor_58_Humidity	1522987200
Sensor_58_Temperature	1522987200
